{
  "action_id": 0.0022624696139246225,
  "recent_waste_kg_last_hour": 0.002173519227653742,
  "asset_type": 0.0016273659421131015,
  "kpi_score": 0.0015887938207015395,
  "plant": 0.0013926986139267683,
  "rul_numeric": 0.0011617757845669985,
  "recent_temp_dev_c": 0.001158116152510047,
  "qc_nogo": 0.0011452428298071027,
  "on_hold_inventory_kg_current": 0.0008563383016735315,
  "operator_skill_level": 0.0006425937754102051,
  "n_kpi_bad": 0.0006165788508951664,
  "status": 0.0005729340482503176,
  "criticality": 0.0005510381306521595,
  "shift_hour_at_event": 0.0003204808454029262,
  "recent_oee_pct": 0.000267582741798833,
  "hours_remaining_in_shift": 0.00022632270702160895,
  "recent_vibration_mm_s": 0.00013410089013632387,
  "state": 3.4165150282206014e-05
}